{"ВАЗ (Lada)":["2101","2104","2105","2106","2107","2108","2109","21099","2110","2111","2112","2113","2114","2115","2121 (4x4)","2131 (4x4)","Granta","Kalina","Largus","Priora","1111 Ока","2101","2102","2103","2104","2105","2106","2107","2108","2109","21099","2110","2111","2112","2113","2114","2115","2120 Надежда","2121 (4x4)","2123","2129","2131 (4x4)","2328","2329","EL Lada","Granta","Kalina","Largus","Priora","Revolution","Vesta","XRAY"],"Audi":["100","80","90","A1","A3","A4","A4 allroad","A5","A6","A6 allroad","A7","A8","Q3","Q5","Q7","R8","S5","S6","S8","TT","100","200","50","60","80","90","920","A1","A2","A3","A4","A4 allroad","A5","A6","A6 allroad","A7","A8","Cabriolet","Coupe","F103","Front","NSU RO 80","Q2","Q3","Q5","Q7","quattro","R8","RS Q3","RS2","RS3","RS4","RS5","RS6","RS7","S1","S2","S3","S4","S5","S6","S7","S8","SQ5","SQ7","TT","TT RS","TTS","Typ R","V8"],"Bentley":["3.5 Litre","Arnage","Azure","Bentayga","Brooklands","Continental","Continental Flying Spur","Continental GT","Eight","Flying Spur","Mark VI","Mulsanne","R Type","S","T-Series","Turbo R"],"BMW":["1er","3er","4er","5er","6er","7er","8er","M3","M4","M5","M6","X1","X3","X4","X5","X5 M","X6","X6 M","Z3","Z4","02 (E10)","1er","1M","2000 C/CS","2er","2er Active Tourer","2er Grand Tourer","3/15","315","3200","321","326","327","340","3er","4er","501","502","503","507","5er","600","6er","700","7er","8er","E3","E9","i3","i8","M2","M3","M4","M5","M6","New Class","X1","X3","X4","X5","X5 M","X6","X6 M","Z1","Z3","Z3 M","Z4","Z4 M","Z8"],"Chery":["A21","Amulet (A15)","Arrizo 7","Beat","Bonus (A13)","Bonus 3 (E3/A19)","CrossEastar (B14)","E5","Elara","Fora (A21)","IndiS (S18D)","Kimo (A1)","M11 (A3)","Oriental Son (B11)","QQ6 (S21)","Sweet (QQ)","Tiggo (T11)","Tiggo 5","Very (A13)"],"Chevrolet":["Aveo","Blazer","Camaro","Captiva","Cobalt","Cruze","Epica","Evanda","Express","Lacetti","Lanos","Niva","Orlando","Rezzo","Spark","Suburban","Tahoe","Tracker","TrailBlazer","Viva","Alero","Apache","Astra","Astro","Avalanche","Aveo","Bel Air","Beretta","Blazer","Blazer K5","Bolt","C-10","C/K","Camaro","Caprice","Captiva","Cavalier","Celebrity","Celta","Chevelle","Chevette","Citation","Classic","Cobalt","Colorado","Corsa","Corsica","Corvette","Cruze","Cruze (HR)","Deluxe","El Camino","Epica","Equinox","Evanda","Express","Fleetmaster","Geo Storm","HHR","Impala","Ipanema","K-30","Kalos","Lacetti","Lanos","Lumina","Lumina APV","LUV D-MAX","Malibu","Master","Meriva","Metro","Monte Carlo","Monza","MW","Niva","Nubira","Omega","Orlando","Prisma","Prizm","Rezzo","S-10 Pickup","Sail","Silverado","Sonic","Spark","Special DeLuxe","SS","SSR","Starcraft","Suburban","Tahoe","Tavera","Tracker","TrailBlazer","Trans Sport","Traverse","Trax","Uplander","Van","Vectra","Venture","Viva","Volt","Zafira"],"Citroen":["Berlingo","C-Crosser","C-Elysee","C1","C2","C3","C3 Picasso","C4","C4 Aircross","C4 Picasso","C5","C8","DS3","DS4","DS5","Jumpy","Saxo","Xantia","Xsara","Xsara Picasso","2 CV","AMI","Ax","Berlingo","BX","C-Crosser","C-Elysee","C-ZERO","C1","C2","C3","C3 Picasso","C3 Pluriel","C4","C4 Aircross","C4 Cactus","C4 Picasso","C5","C6","C8","CX","DS","DS3","DS4","DS5","Dyane","Evasion","GS","Jumpy","LN","Méhari","Nemo","Saxo","SM","Traction Avant","Visa","Xantia","XM","Xsara","Xsara Picasso","ZX"],"Daewoo":["Damas","Espero","Evanda","Gentra","Kalos","Korando","Lacetti","Lanos (Sens)","Leganza","Magnus","Matiz","Nexia","Nubira","Prince","Racer","Rezzo","Tacuma","Tico","Winstorm","Arcadia","Chairman","Damas","Espero","Evanda","G2X","Gentra","Kalos","Korando","Lacetti","Lanos (Sens)","LE Mans","Leganza","Magnus","Matiz","Musso","Nexia","Nubira","Polonez","Prince","Racer","Rezzo","Sens","Tacuma","Tico","Tosca","Winstorm"],"Ferrari":["328","360","458","488","575M","599","612","California","F12berlinetta","F430","FF","Testarossa","208/308","328","348","360","400","412","456","458","488","512 BB","512 M","512 TR","550","575M","599","612","California","Enzo","F12berlinetta","F355","F40","F430","F50","FF","FXX K","GTC4Lusso","LaFerrari","Mondial","Testarossa"],"Ford":["C-MAX","EcoSport","Escape","Escort","Explorer","F-150","Fiesta","Focus","Focus (North America)","Fusion","Galaxy","Kuga","Maverick","Mondeo","Mustang","Ranger","S-MAX","Scorpio","Sierra","Tourneo Connect","Aerostar","Aspire","B-MAX","Bronco","Bronco-II","C-MAX","Capri","Consul","Contour","Cougar","Crown Victoria","Custom","Econoline","EcoSport","Edge","Escape","Escort","Escort (North America)","Everest","Excursion","Expedition","Explorer","Explorer Sport Trac","F-150","Fairlane","Fairmont","Festiva","Fiesta","Fiesta ST","Five Hundred","Flex","Focus","Focus (North America)","Focus RS","Focus ST","Freestar","Freestyle","Fusion","Fusion (North America)","Galaxie","Galaxy","GPA","Granada","Granada (North America)","GT","GT40","Ixion","KA","Kuga","Laser","LTD Crown Victoria","Maverick","Model A","Model T","Mondeo","Mondeo ST","Mustang","Orion","Probe","Puma","Ranchero","Ranger","Ranger (North America)","S-MAX","Scorpio","Sierra","Spectron","Taunus","Taurus","Taurus X","Telstar","Tempo","Thunderbird","Torino","Tourneo Connect","Tourneo Courier","Tourneo Custom","Windstar","Zephyr"],"Honda":["Accord","CR-V","Civic","Civic Ferio","Civic Type R","Crosstour","Element","Fit","HR-V","Insight","Integra","Jazz","Legend","Mobilio","Odyssey","Partner","Pilot","Prelude","Stepwgn","Stream","Accord","Acty","Airwave","Ascot","Ascot Innova","Avancier","Beat","Capa","City","Civic","Civic Ferio","Civic Type R","Concerto","CR-V","CR-X","CR-Z","Crossroad","Crosstour","Domani","Edix","Element","Elysion","FCX Clarity","Fit","Fit Aria","FR-V","Freed","Horizon","HR-V","Insight","Inspire","Integra","Integra SJ","Jazz","Legend","Life","Logo","MDX","Mobilio","NSX","Odyssey","Odyssey (North America)","Orthia","Partner","Passport","Pilot","Prelude","Quint","Rafaga","Ridgeline","S-MX","S2000","S660","Saber","Shuttle","Stepwgn","Stream","Street","That'S","Today","Torneo","Vamos","Vezel","Vigor","Z","Zest"],"Hyundai":["Accent","Coupe","Elantra","Equus","Genesis","Getz","Grandeur","Matrix","Santa Fe","Solaris","Sonata","Starex (H-1)","Terracan","Tiburon","Tucson","i20","i30","i40","ix35","ix55","Accent","Aslan","Atos","Avante","Azera","Centennial","Coupe","Creta","Dynasty","Elantra","Equus","Excel","Galloper","Genesis","Genesis Coupe","Getz","Grace","Grandeur","i10","i20","i30","i40","ix20","ix35","ix55","JM","Lantra","Lavita","Marcia","Matrix","Maxcruz","Pony","Santa Fe","Santamo","Scoupe","Solaris","Sonata","Starex (H-1)","Stellar","TB","Terracan","Tiburon","Trajet","Tucson","Tuscani","Veloster","Veracruz","Verna","XG"],"Infiniti":["EX","FX","G","I","J","JX","M","Q","Q30","Q40","Q50","Q60","Q70","QX","QX30","QX4","QX50","QX60","QX70","QX80"],"Kia":["Avella","Carens","Carnival","Cee'd","Cerato","Clarus","Magentis","Mohave (Borrego)","Opirus","Optima","Picanto","Quoris","Rio","Sephia","Shuma","Sorento","Soul","Spectra","Sportage","Venga","Avella","Cadenza","Capital","Carens","Carnival","Cee'd","Cee'd GT","Cerato","Clarus","Concord","Elan","Enterprise","Joice","K","Magentis","Mohave (Borrego)","Niro","Opirus","Optima","Picanto","Potentia","Pride","Quoris","Ray","Retona","Rio","Sedona","Sephia","Shuma","Sorento","Soul","Spectra","Sportage","Venga","Visto","X-Trek"],"Lamborghini":["Aventador","Centanario","Countach","Diablo","Espada","Gallardo","Huracán","Jalpa","Jarama","LM001","LM002","Murcielago","Reventon","Sesto Elemento","Urraco","Veneno"],"Land Rover":["Defender","Discovery","Discovery Sport","Freelander","Range Rover","Range Rover Evoque","Range Rover Sport","Series I","Series II","Series III"],"Lexus":["CT","ES","GS","GS F","GX","HS","IS","IS F","LC","LFA","LS","LX","NX","RC","RC F","RX","SC"],"Mazda":["2","3","3 MPS","323","5","6","626","Axela","BT-50","Bongo","CX-5","CX-7","CX-9","Capella","Demio","Familia","MPV","Premacy","RX-8","Tribute","1000","121","1300","2","3","3 MPS","323","5","6","6 MPS","616","626","818","929","Atenza","Autozam Clef","Axela","AZ-1","AZ-Offroad","AZ-Wagon","B-series","Biante","Bongo","Bongo Brawny Van","Bongo Friendee","BT-50","Capella","Carol","Cosmo","Cronos","CX-3","CX-5","CX-7","CX-9","Demio","Efini MPV","Efini MS-6","Efini MS-8","Efini MS-9","Eunos 100","Eunos 300","Eunos 500","Eunos 800","Eunos cargo wagon","Eunos Cosmo","Familia","Lantis","Laputa","Levante","Luce","Millenia","MPV","MX-3","MX-5","MX-6","Navajo","Persona","Premacy","Proceed Levante","Proceed Marvie","Protege","Revue","Roadster","RX-7","RX-8","Savanna","Scrum","Sentia","Spiano","Tribute","Verisa","Xedos 6","Xedos 9","МХ-3"],"Mercedes-Benz":["190 (W201)","A-klasse","B-klasse","C-klasse","CL-klasse","CLA-klasse","CLK-klasse","CLS-klasse","E-klasse","G-klasse","G-klasse AMG","GL-klasse","GLA-klasse","GLK-klasse","M-klasse","S-klasse","S-klasse AMG","Viano","Vito","W124","190 (W201)","190 SL","A-klasse","A-klasse AMG","AMG GLC","AMG GLE","AMG GLE Coupe","AMG GT","B-klasse","C-klasse","C-klasse AMG","Citan","CL-klasse","CL-klasse AMG","CLA-klasse","CLA-klasse AMG","CLC-klasse","CLK-klasse","CLK-klasse AMG","CLS-klasse","CLS-klasse AMG","E-klasse","E-klasse AMG","G-klasse","G-klasse AMG","G-klasse AMG 6x6","GL-klasse","GL-klasse AMG","GLA-klasse","GLA-klasse AMG","GLC","GLC Coupe","GLE","GLE Coupe","GLK-klasse","GLS-klasse","GLS-klasse AMG","M-klasse","M-klasse AMG","Maybach S-klasse","R-klasse","R-klasse AMG","S-klasse","S-klasse AMG","SL-klasse","SL-klasse AMG","SLC-klasse","SLC-klasse AMG","SLK-klasse","SLK-klasse AMG","SLR McLaren","SLS AMG","V-klasse","Vaneo","Viano","Vito","W100","W108","W110","W111","W114","W115","W120","W121","W123","W124","W128","W136","W186","W189"],"MINI":["Cabrio","Clubman","Countryman","Coupe","Hatch","Paceman","Roadster"],"Mitsubishi":["ASX","Airtrek","Carisma","Colt","Delica","Eclipse","Galant","Grandis","L200","Lancer","Montero","Montero Sport","Outlander","Pajero","Pajero Mini","Pajero Pinin","Pajero Sport","RVR","Space Star","Space Wagon","3000 GT","Airtrek","Aspire","ASX","Attrage","Carisma","Celeste","Challenger","Chariot","Colt","Cordia","Debonair","Delica","Diamante","Dignity","Dingo","Dion","Eclipse","eK","Emeraude","Endeavor","Eterna","FTO","Galant","Grandis","GTO","i","i-MiEV","Jeep J","L200","Lancer","Lancer Cargo","Lancer Evolution","Lancer Ralliart","Legnum","Libero","Magna","Minica","Minicab","Mirage","Montero","Montero Sport","Outlander","Pajero","Pajero iO","Pajero Junior","Pajero Mini","Pajero Pinin","Pajero Sport","Pistachio","Proudia","Raider","RVR","Sapporo","Sigma","Space Gear","Space Runner","Space Star","Space Wagon","Starion","Strada","Toppo","Town Box","Tredia"],"Nissan":["Almera","Almera Classic","Juke","March","Maxima","Micra","Murano","Navara (Frontier)","Note","Pathfinder","Patrol","Primera","Qashqai","Sentra","Serena","Sunny","Teana","Terrano","Tiida","X-Trail","100NX","180SX","200SX","240SX","280ZX","300ZX","350Z","370Z","AD","Ad Max Wagon","Almera","Almera Classic","Almera Tino","Altima","Armada","Avenir","Bassara","BE-1","Bluebird","Bluebird Sylphy","Caravan","Cedric","Cefiro","Cherry","Cima","Clipper","Crew","Cube","Datsun","Dualis","Elgrand","Expert","Fairlady Z","Figaro","Fuga","Gloria","GT-R","Homy Elgrand","Juke","Juke Nismo","Lafesta","Langley","Largo","Laurel","Leaf","Leopard","Liberty","Lucino","March","Maxima","Micra","Mistral","Moco","Murano","Navara (Frontier)","Note","NP 300","NV200","NV350 Caravan","NX Coupe","Otti (Dayz)","Pao","Pathfinder","Patrol","Pino","Pixo","Prairie","Presage","Presea","President","Primastar","Primera","Pulsar","Qashqai","Qashqai+2","Quest","R'nessa","Rasheen","Rogue","Roox","Safari","Sentra","Serena","Silvia","Skyline","Skyline Crossover","Stagea","Stanza","Sunny","Teana","Terrano","Terrano Regulus","Tiida","Tino","Titan","Urvan","Vanette","Versa","Vw santana","Wingroad","X-Terra","X-Trail"],"Opel":["Agila","Antara","Ascona","Astra","Astra OPC","Combo","Corsa","Frontera","Insignia","Kadett","Meriva","Mokka","Monterey","Omega","Rekord","Tigra","Vectra","Vita","Vivaro","Zafira","Adam","Admiral","Agila","Ampera","Antara","Ascona","Astra","Astra OPC","Calibra","Campo","Cascada","Combo","Commodore","Corsa","Corsa OPC","Diplomat","Frontera","GT","Insignia","Insignia OPC","Kadett","Kapitan","Karl","Manta","Meriva","Meriva OPC","Mokka","Monterey","Monza","Olympia","Omega","P4","Rekord","Senator","Signum","Sintra","Speedster","Super Six","Tigra","Vectra","Vectra OPC","Vita","Vivaro","Zafira","Zafira OPC"],"Peugeot":["107","2008","206","207","208","3008","301","307","308","4007","4008","405","406","407","408","508","605","607","Expert","Partner","1007","104","106","107","108","2008","201","202","203","204","205","205 GTi","206","207","208","208 GTi","3008","301","304","305","306","307","308","308 GTi","309","4007","4008","402","403","404","405","406","407","408","5008","504","505","508","604","605","607","806","807","Bipper","Expert","iOn","Partner","RCZ","Traveller"],"Renault":["19","Clio","Clio RS","Duster","Espace","Fluence","Kangoo","Koleos","Laguna","Latitude","Logan","Megane","Megane RS","Modus","Safrane","Sandero","Scenic","Symbol","Trafic","Twingo","10","11","12","14","15","16","17","18","19","20","21","25","30","4","4CV","5","6","8","9","Avantime","Captur","Caravelle","Clio","Clio RS","Clio V6","Dauphine","Dokker","Duster","Espace","Estafette","Floride","Fluence","Fregate","Fuego","Kadjar","Kangoo","Koleos","KWID","Laguna","Latitude","Lodgy","Logan","Megane","Megane RS","Modus","Rodeo","Safrane","Sandero","Sandero RS","Scenic","Sport Spider","Symbol","Talisman","Trafic","Twingo","Twizy","Vel Satis","Vivastella","Wind","ZOE"],"Rolls-Royce":["Camargue","Corniche","Dawn","Ghost","Park Ward","Phantom","Silver Cloud","Silver Dawn","Silver Ghost","Silver Seraph","Silver Shadow","Silver Spur","Silver Wraith","Wraith"],"Skoda":["100 Series","Citigo","Fabia","Fabia RS","Favorit","Felicia","Octavia","Octavia RS","Rapid","Roomster","Superb","Yeti"],"SsangYong":["Actyon","Actyon Sports","Chairman","Kallista","Korando","Korando Family","Korando Sports","Kyron","Musso","Nomad","Rexton","Rodius","Stavic","Tivoli"],"Subaru":["BRZ","Baja","Exiga","Forester","Impreza","Impreza WRX","Impreza WRX STi","Justy","Legacy","Leone","Outback","Pleo","R2","Sambar","Stella","Traviq","Tribeca","WRX","WRX STi","XV","Alcyone","Baja","Bighorn","BRZ","Dex","Dias Wagon","Domingo","Exiga","Forester","Impreza","Impreza WRX","Impreza WRX STi","Justy","Legacy","Leone","Levorg","Libero","Lucra","Outback","Pleo","R1","R2","Sambar","Sambar dias","Sambar try","Stella","SVX","Traviq","Trezia","Tribeca","Vivio","WRX","WRX STi","XT","XV"],"Suzuki":["Aerio","Alto","Baleno","Escudo","Every","Grand Vitara","Ignis","Jimny","Kei","Kizashi","Liana","MR Wagon","SX4","Samurai","Solio","Splash","Swift","Vitara","Wagon R","XL7","Aerio","Alivio","Alto","Baleno","Cappuccino","Cara","Celerio","Cervo","Cervo Mode","Ertiga","Escudo","Every","Forenza","Grand Escudo","Grand Vitara","Ignis","Jimny","Kei","Kizashi","Landy","Liana","MR Wagon","Palette","Reno","Samurai","Sj samurai","Solio","Spacia","Splash","Swift","SX4","Twin","Verona","Vitara","Wagon R","Wagon R+","X-90","XL7"],"Tesla":["Model S","Model X","Roadster"],"Toyota":["Auris","Avensis","Caldina","Camry","Camry (Japan)","Carina","Celica","Corolla","Corona","Highlander","Hilux","Land Cruiser","Land Cruiser Prado","Mark II","Prius","RAV 4","Tundra","Venza","Vitz","Yaris","2000GT","4Runner","Allex","Allion","Alphard","Altezza","Aristo","Aurion","Auris","Avalon","Avensis","Avensis Verso","Aygo","bB","Belta","Blade","Blizzard","Brevis","Caldina","Cami","Camry","Camry (Japan)","Camry Solara","Carina","Carina ED","Cavalier","Celica","Celsior","Century","Chaser","Corolla","Corolla Rumion","Corolla Spacio","Corolla Verso","Corona","Corsa","Cressida","Cresta","Crown","Crown Majesta","Curren","Cynos","Duet","Echo","Estima","FJ Cruiser","Fortuner","FunCargo","Gaia","Granvia","GT86","Harrier","HiAce","Highlander","Hilux","Hilux Surf","Innova","Ipsum","iQ","ISis","Ist","Kluger","Land Cruiser","Land Cruiser Prado","LiteAce","Mark II","Mark X","Mark X ZiO","MasterAce Surf","Matrix","Mega Cruiser","Mirai","MR2","Nadia","Noah","Opa","Origin","Paseo","Passo","Passo Sette","Picnic","Pixis Epoch","Pixis Mega","Pixis Space","Platz","Porte","Premio","Previa","Prius","Prius c","Prius v (+)","ProAce","Probox","Progres","Pronard","Ractis","Raum","RAV 4","Regius","RegiusAce","Rush","Sai","Scepter","Sequoia","Sera","Sienna","Sienta","Soarer","Soluna","Sparky","Sprinter","Sprinter Carib","Sprinter Marino","Sprinter Trueno","Starlet","Succeed","Supra","Tacoma","Tercel","Touring Hiace","TownAce","Tundra","Urban Cruiser","Vanguard","Vellfire","Venza","Verossa","Verso","Verso-S","Vios","Vista","Vitz","Voltz","Voxy","WiLL","WiLL Cypha","Windom","Wish","Yaris","Yaris Verso"],"Volkswagen":["Amarok","Beetle","Bora","Caddy","Caravelle","Golf","Golf GTI","Golf Plus","Jetta","Multivan","Passat","Passat CC","Polo","Scirocco","Sharan","Tiguan","Touareg","Touran","Transporter","Vento","181","Amarok","Beetle","Bora","Caddy","California","Caravelle","Corrado","Derby","Eos","Fox","Golf","Golf Country","Golf GTI","Golf Plus","Golf R","Golf R32","Golf Sportsvan","Iltis","Jetta","Karmann-Ghia","Lupo","Lupo GTI","Multivan","Passat","Passat (North America)","Passat CC","Phaeton","Pointer","Polo","Polo GTI","Polo R WRC","Routan","Santana","Scirocco","Scirocco R","Sharan","Taro","Tiguan","Touareg","Touran","Transporter","Type 1","Type 2","Type 4","up!","Vento","XL1"],"Volvo":["240 Series","440","460","740","850","940","960","C30","C70","S40","S60","S70","S80","V40","V40 Cross Country","V50","V70","XC60","XC70","XC90","120 Series","140 Series","164","240 Series","260 Series","300 Series","440","460","480","66","740","760","780","850","940","960","C30","C70","Laplander","S40","S60","S60 Cross Country","S70","S80","S90","V40","V40 Cross Country","V50","V60","V60 Cross Country","V70","V90","XC60","XC70","XC90"],"ГАЗ":["12 ЗИМ","13 «Чайка»","14 «Чайка»","21 «Волга»","22 «Волга»","2308 «Атаман»","2330 «Тигр»","24 «Волга»","3102 «Волга»","31029 «Волга»","3105 «Волга»","3110 «Волга»","31105 «Волга»","3111 «Волга»","67","69","Volga Siber","М-20 «Победа»","М-72","М1","12 ЗИМ","13 «Чайка»","14 «Чайка»","21 «Волга»","22 «Волга»","2308 «Атаман»","2330 «Тигр»","24 «Волга»","3102 «Волга»","31029 «Волга»","3103 «Волга»","3105 «Волга»","3110 «Волга»","31105 «Волга»","3111 «Волга»","67","69","Volga Siber","М-20 «Победа»","М-72","М1"],"УАЗ":["3151","3153","3159","3160","3162 Simbir","469","Hunter","Patriot","Pickup"],"AC":["378 GT Zagato","Ace","Aceca","Cobra"],"Acura":["CL","CSX","EL","ILX","Integra","Legend","MDX","NSX","RDX","RL","RLX","RSX","SLX","TL","TLX","TSX","ZDX"],"Adler":["Trumpf Junior"],"Alfa Romeo":["105/115","145","146","147","155","156","159","164","166","33","4C","75","90","Brera","GT","GTV","Giulietta","MiTo","Spider","105/115","145","146","147","155","156","159","164","166","1900","2600","33","4C","6","6C","75","8C Competizione","90","Alfasud","Alfetta","Arna","Brera","C52 Disco Volante","Disco Volante","Giulia","Giulietta","GT","GTA Coupe","GTV","MiTo","Montreal","RZ","Spider","Sprint","SZ"],"Alpina":["B10","B11","B12","B3","B4","B5","B6","B7","B8","B9","C1","C2","D10","D3","D5","Roadster","XD3"],"Alpine":["A110","A310","A610","GTA"],"AM General":["HMMWV (Humvee)"],"AMC":["Hornet"],"Ariel":["Atom"],"Aro":["10","24"],"Asia":["Retona","Rocsta","Topic"],"Aston Martin":["Bulldog","Cygnet","DB11","DB5","DB7","DB9","DBS","Lagonda","One-77","Rapide","Tickford Capri","V12 Vanquish","V12 Vantage","V12 Zagato","V8 Vantage","V8 Zagato","Virage"],"Austin":["Allegro","Ambassador","Maestro","Maxi","Metro","Mini","Montego","Princess"],"Autobianchi":["A 111","A 112"],"Baltijas Dzips":["BD-1322"],"Beijing":["BJ2020","BJ212"],"Bertone":["Freeclimber"],"Bitter":["Type 3"],"Borgward":["2000"],"Brabus":["7.3S","M V12","SV12"],"Brilliance":["FRV (BS2)","H230","H530","M1 (BS6)","M2 (BS4)","M3 (BC3)","V5"],"Bristol":["Blenheim","Blenheim Speedster","Fighter"],"Bufori":["Geneva","La Joya"],"Bugatti":["Chiron","EB 110","EB 112","EB Veyron 16.4","Type 44","Type 50","Type 57"],"Buick":["Century","Electra","LeSabre","Park Avenue","Regal","Rendezvous","Riviera","Skylark","Special","Century","Electra","Enclave","Encore","Envision","Estate Wagon","Excelle","GL8","LaCrosse","LeSabre","Limited","Lucerne","Park Avenue","Rainer","Reatta","Regal","Rendezvous","Riviera","Roadmaster","Skyhawk","Skylark","Special","Super","Terraza","Verano"],"BYD":["E6","F0","F3","F5","F6","F8","Flyer","G3","G6","L3","M6","S6"],"Byvin":["BD132J (CoCo)","BD326J (Moca)"],"Cadillac":["ATS","ATS-V","BLS","Brougham","CTS","CTS-V","DTS","De Ville","Eldorado","Escalade","Fleetwood","SRX","STS","Series 62","Seville","Allante","ATS","ATS-V","BLS","Brougham","Catera","CT6","CTS","CTS-V","De Ville","DTS","Eldorado","ELR","Escalade","Fleetwood","LSE","Series 62","Seville","Sixty Special","SRX","STS","XLR","XT5","XTS"],"Callaway":["C12"],"Carbodies":["FX4"],"Caterham":["21","CSR","Seven"],"Changan":["Benni","CM-8","CS35","CS75","Eado","Raeton","Z-Shine"],"ChangFeng":["Flying","SUV (CS6)"],"Chrysler":["200","300C","300C SRT8","300M","Cirrus","Concorde","Crossfire","Intrepid","LHS","Le Baron","NEW Yorker","Neon","PT Cruiser","Pacifica","Saratoga","Sebring","Stratus","Town & Country","Vision","Voyager","180","200","300","300C","300C SRT8","300M","Aspen","Cirrus","Concorde","Cordoba","Crossfire","Dynasty","Fifth Avenue","Imperial","Imperial Crown","Intrepid","Le Baron","LHS","Nassau","Neon","NEW Yorker","Pacifica","Prowler","PT Cruiser","Saratoga","Sebring","Stratus","TC by Maserati","Town & Country","Viper","Vision","Voyager","Windsor"],"Cizeta":["V16t"],"Coggiola":["T Rex"],"Dacia":["1300","1310","1325","1410","Dokker","Duster","Lodgy","Logan","Nova","Sandero","Solenza"],"Dadi":["City Leading","Shuttle","Smoothing"],"DAF":["46","66"],"Daihatsu":["Applause","Atrai","Be-go","Boon","Copen","Cuore","Esse","Feroza","MAX","Materia","Mira","Move","Pyzar","Rocky","Sirion","Sonica","Storia","Terios","Xenia","YRV","Altis","Applause","Atrai","Be-go","Boon","Ceria","Charade","Charmant","Coo","Copen","Cuore","Delta Wagon","Esse","Extol","Feroza","Gran Move","Leeza","Materia","MAX","Midget II","Mira","Mira Gino","Move","Move Latte","Naked","Opti","Pyzar","Rocky","Rugger","Sirion","Sonica","Storia","Taft","Tanto","Terios","Trevis","Wildcat","Xenia","YRV"],"Daimler":["DS420","Sovereign (XJ6)","X300","X308","X350","XJ40","XJS"],"Datsun":["280ZX","720","Bluebird","Cherry","GO","GO+","mi-DO","on-DO","Stanza","Sunny","Urvan","Violet"],"De Tomaso":["Bigua","Guara","Mangusta","Pantera","Vallelunga"],"DeLorean":["DMC-12"],"Derways":["Antelope","Aurora","Cowboy","Land Crown","Plutus","Saladin","Shuttle"],"DeSoto":["Firedome","Fireflite"],"Dodge":["Avenger","Caliber","Caravan","Challenger","Charger","Dakota","Dart","Durango","Intrepid","Journey","Magnum","Neon","Nitro","RAM","Spirit","Stealth","Stratus","Viper","WC","600","Aries","Avenger","Caliber","Caravan","Challenger","Charger","Dakota","Dart","Daytona","Durango","Dynasty","Intrepid","Journey","Lancer","Magnum","Monaco","Neon","Nitro","Omni","RAM","Ramcharger","Shadow","Spirit","Stealth","Stratus","Viper","WC"],"DongFeng":["AX7","H30 Cross","MPV","Oting","Rich","S30"],"Doninvest":["Assol","Kondor","Orion"],"Donkervoort":["D8"],"DS":["3","4","5"],"E-Car":["GD04B"],"Eagle":["Premier","Summit","Talon","Vision"],"Eagle Cars":["SS"],"Ecomotors":["Estrima Biro"],"FAW":["Besturn B50","Besturn B70","Besturn X80","City Golf","Jinn","Oley","V2","V5","Vita"],"Fiat":["500","Albea","Brava","Bravo","Croma","Doblo","Fiorino","Freemont","Linea","Marea","Palio","Panda","Punto","Qubo","Scudo","Sedici","Stilo","Tempra","Tipo","UNO","124","126","127","128","130","131","132","238","500","500L","500X","508","600","900T","Albea","Argenta","Barchetta","Brava","Bravo","Cinquecento","Coupe","Croma","Doblo","Duna","Fiorino","Freemont","Idea","Linea","Marea","Multipla","Palio","Panda","Punto","Qubo","Regata","Ritmo","Scudo","Sedici","Seicento","Siena","Stilo","Strada","Tempra","Tipo","Ulysse","UNO","X 1/9"],"Fisker":["Karma"],"Foton":["Midi","Tunland"],"FSO":["125p","126p","127p","132p","Polonez"],"Fuqi":["6500 (Land King)"],"Geely":["CK (Otaka)","Emgrand EC7","Emgrand X7","FC (Vision)","GC6","LC (Panda) Cross","MK","MK Cross","SC7","Beauty Leopard","CK (Otaka)","Emgrand EC7","Emgrand EC8","Emgrand X7","FC (Vision)","GC2","GC5","GC6","GC7","GC9","GX2","Haoqing","LC (Panda)","LC (Panda) Cross","MK","MK Cross","MR","Otaka","SC7","SL"],"Geo":["Metro","Prizm","Spectrum","Storm","Tracker"],"GMC":["Acadia","Aventra","Berlina","Calais","Canyon","Caprice","Commodore","Envoy","Jimmy","Safari","Savana","Sierra","Sonoma","Statesman","Suburban","Syclone","Terrain","Typhoon","Vandura","Yukon"],"Gonow":["Troy"],"Gordon":["Roadster"],"Great Wall":["Coolbear","Deer","Florid","Hover","Hover H3","Hover H5","Hover H6","Hover M2","Hover M4","Pegasus","Peri","Safe","Sailor","Sing RUV","Socool","Voleex C30","Wingle","Coolbear","Cowry (V80)","Deer","Florid","Haval M2","Haval M4","Hover","Hover H3","Hover H5","Hover H6","Hover M1 (Peri 4x4)","Hover M2","Hover M4","Pegasus","Peri","Safe","Sailor","Sing RUV","Socool","Voleex C10 (Phenom)","Voleex C30","Voleex C50","Wingle"],"Hafei":["Brio","Princip","Saibao","Sigma","Simbo"],"Haima":["3","7","M3","S5"],"Haval":["H2","H6","H8","H9"],"Hawtai":["Boliger"],"Hindustan":["Ambassador","Contessa"],"Holden":["Apollo","Astra","Barina","Calais","Caprice","Commodore","Cruze","Frontera","Jackaroo","Monaro","Rodeo","Statesman","UTE","Vectra","Zafira"],"HuangHai":["Antelope","Landscape","Plutus"],"Hudson":["Deluxe Eight"],"Hummer":["H1","H2","H3"],"Innocenti":["Elba","Mille","Mini"],"Invicta":["S1"],"Iran Khodro":["Paykan","Samand","Soren"],"Isdera":["Commendatore 112i","Imperator 108i","Spyder"],"Isuzu":["Amigo","Aska","Axiom","Bighorn","D-Max","Gemini","KB","MU","Piazza","Rodeo","TF (Pickup)","Trooper","VehiCross","Wizard","Amigo","Ascender","Aska","Axiom","Bighorn","D-Max","Filly","Gemini","Hombre","Impulse","KB","MU","MU-7","MU-X","Piazza","Rodeo","Stylus","TF (Pickup)","Trooper","VehiCross","Wizard"],"IVECO":["Massif"],"JAC":["J2 (Yueyue)","J3 (Tongyue,Tojoy)","J4 (Heyue A30)","J5 (Heyue)","J6 (Heyue RS)","J7 (Binyue)","M1 (Refine)","M5","S1 (Rein)","S3","S5 (Eagle)"],"Jaguar":["E-type","F-Pace","F-Type","F-Type SVR","S-Type","Sovereign","X-Type","XE","XF","XFR","XJ","XJ220","XJR","XJS","XK","XKR"],"Jeep":["Cherokee","CJ","Commander","Compass","Derda","Grand Cherokee","Grand Cherokee SRT8","Grand Wagoneer","Liberty (North America)","Liberty (Patriot)","Renegade","Wrangler"],"Jensen":["S-V8"],"JMC":["Baodian"],"Koenigsegg":["Agera","CC8S","CCR","CCX","One:1","Regera"],"KTM":["X-Bow"],"Lancia":["A 112","Dedra","Delta","Kappa","Lybra","Musa","Phedra","Thema","Ypsilon","A 112","Beta","Dedra","Delta","Flavia","Fulvia","Gamma","Hyena","Kappa","Lybra","Monte Carlo","Musa","Phedra","Prisma","Thema","Thesis","Trevi","Voyager","Y10","Ypsilon","Zeta"],"Landwind":["Fashion (CV9)","Forward","X5","X6","Х9"],"Liebao Motor":["Leopard"],"Lifan":["320","520","530","620","Breez (520)","Cebrium (720)","Celliya (530)","Smily","Solano","X50","X60"],"Lincoln":["Aviator","Continental","LS","Mark LT","Mark VII","Mark VIII","MKC","MKS","MKT","MKX","MKZ","Navigator","Town Car"],"Lotus":["340R","Eclat","Elan","Elise","Elite","Esprit","Europa","Europa S","Evora","Excel","Exige"],"LTI":["TX"],"Luxgen":["Luxgen5","Luxgen7 MPV","Luxgen7 SUV","U6 Turbo","U7 Turbo"],"Mahindra":["Armada","Bolero","CJ-3","CL","Commander","Marshal","MM","NC 640 DP","Scorpio","Verito","Voyager","Xylo"],"Marcos":["GTS","LM 400","LM 500","Mantis","Marcasite"],"Marlin":["5EXi","Sportster"],"Marussia":["B1","B2"],"Maruti":["1000","800","Alto","Baleno","Esteem","Gypsy","Omni","Versa","Wagon R","Zen"],"Maserati":["3200 GT","4200 GT","Biturbo","Ghibli","GranTurismo","MC12","Quattroporte","228","3200 GT","420","4200 GT","Barchetta Stradale","Biturbo","Bora","Chubasco","Ghibli","Gran Sport","GranTurismo","Indy","Karif","Khamsin","Kyalami","Levante","MC12","Merak","Mexico","Quattroporte","Royale","Shamal"],"Maybach":["57","62"],"McLaren":["540C","570GT","570S","650S","675LT","F1","MP4-12C","P1"],"Mega":["Club","Monte Carlo","Track"],"Mercury":["Capri","Cougar","Eight","Grand Marquis","Marauder","Mariner","Marquis","Milan","Montego","Monterey","Mountaineer","Mystique","Sable","Topaz","Tracer","Villager"],"Metrocab":["Metrocab I","Metrocab II (TTT)","Taxi"],"MG":["3","3 Cross","350","5","550","6","F","GS","Maestro","Metro","MGB","Midget","Montego","RV8","TF","Xpower SV","ZR","ZS","ZT"],"Microcar":["F8C","M.Go","M8","MC","Virgo"],"Minelli":["TF 1800"],"Mitsuoka":["Galue","Galue 204","Himiko","K-2","Le-Seyde","Like","MC-1","Nouera","Orochi","Ray","Ryoga","Viewt","Yuga","Zero 1"],"Morgan":["3 Wheeler","4 Seater","4/4","Aero 8","Aero Coupe","Aero SuperSports","AeroMax","Plus 4","Plus 8","Roadster"],"Morris":["Marina"],"Noble":["M12 GTO","M600"],"Oldsmobile":["Achieva","Alero","Aurora","Bravada","Cutlass","Cutlass Calais","Cutlass Ciera","Cutlass Supreme","Eighty-Eight","Intrigue","Ninety-Eight","Omega","Regency","Silhouette","Toronado"],"Osca":["2500 GT"],"Packard":["Clipper","One-Twenty","Twelve"],"Pagani":["Huayra","Zonda"],"Panoz":["Esperante","Roadster"],"Perodua":["Alza","Kancil","Kelisa","Kembara","Kenari","MyVi","Nautica","Viva"],"PGO":["Cevennes","Hemera","Speedster II"],"Piaggio":["Porter"],"Plymouth":["Acclaim","Barracuda","Breeze","Caravelle","Fury","Laser","Neon","Prowler","Road Runner","Sundance","Turismo","Valiant","Voyager"],"Pontiac":["Bonneville","Fiero","Firebird","Grand AM","Grand Prix","Montana","Phoenix","Solstice","Sunfire","Trans Sport","Vibe","6000","Aztek","Bonneville","Catalina","Fiero","Firebird","G4","G5","G6","G7","G8","Grand AM","Grand Prix","GTO","LeMans","Montana","Parisienne","Phoenix","Solstice","Sunbird","Sunfire","Tempest","Torrent","Trans Sport","Vibe"],"Porsche":["356","718 Boxster","911","911 GT2","911 GT3","914","918 Spyder","924","928","944","959","968","Boxster","Carrera GT","Cayenne","Cayman","Cayman GT4","Macan","Panamera"],"Premier":["118NE","Padmini"],"Proton":["Exora","Gen-2","Inspira","Iswara","Juara","Perdana","Persona","Preve","Putra","Saga","Satria","Waja","Wira (400 Series)"],"PUCH":["G-modell","Pinzgauer"],"Puma":["GTB","GTE"],"Qoros":["3"],"Qvale":["Mangusta"],"Ravon":["Gentra","Matiz","Nexia R3","R2"],"Reliant":["Scimitar Sabre"],"Renaissance":["Tropica Roadster"],"Renault Samsung":["SM3","SM5","SM7"],"Rezvani":["Beast"],"Rimac":["Concept_One"],"Ronart":["Lightning"],"Rover":["100","200","25","400","45","600","75","800","Coupe","Metro","Mini","P3","P4","P5","P6","SD1","Streetwise"],"Saab":["9-2X","9-3","9-4X","9-5","9-7X","90","900","9000","95","96","99"],"Saleen":["S7"],"Santana":["PS-10"],"Saturn":["Astra","Aura","ION","LS","LW","Outlook","Relay","SC","Sky","SL","SW","VUE"],"Scion":["FR-S","iA","iM","iQ","tC","xA","xB","xD"],"SEAT":["133","Alhambra","Altea","Arosa","Ateca","Cordoba","Exeo","Fura","Ibiza","Ibiza Cupra","Leon","Leon Cupra","Malaga","Marbella","Mii","Ronda","Toledo"],"ShuangHuan":["Noble","Sceo"],"Smart":["Forfour","Fortwo","Roadster"],"Soueast":["Lioncel"],"Spectre":["R42"],"Spyker":["C12","C8"],"Talbot":["1510","Avenger","Horizon","Samba","Solara","Tagora"],"TATA":["Aria","Estate","Indica","Indigo","Nano","Safari","Sierra","Sumo","Xenon"],"Tatra":["57","T613","T700"],"Tazzari":["Zero"],"Tianma":["Century"],"Tianye":["Admiral"],"Tofas":["Dogan","Kartal","Murat 124","Murat 131","Serce"],"Trabant":["1.1","P 601"],"Tramontana":["Tramontana"],"Triumph":["Stag","TR6","TR7","TR8"],"TVR":["280","350","390","400","420","450","Cerbera","Chimaera","Griffith","S-Series","Sagaris","Tamora","Tuscan"],"Ultima":["GTR"],"Vauxhall":["Adam","Agila","Astra","Carlton","Royale","Vectra","Ventora","Viceroy","Victor","Viva","VXR8"],"Vector":["M12","W8 Twin Turbo"],"Venturi":["210","260 LM","300 Atlantique","400 GT"],"Vortex":["Corda","Estina","Tingo"],"W Motors":["Fenyr Supersport","Lykan Hypersport"],"Wartburg":["1.3","353"],"Westfield":["SEi & Sport","SEiGHT"],"Wiesmann":["GT","Roadster"],"Willys":["MB"],"Xin Kai":["Pickup X3","SR-V X3","SUV X3"],"Zastava":["10","Florida","Skala","Yugo"],"Zenos":["E10"],"Zenvo":["ST1"],"Zotye":["Nomad (RX6400)","T600","Z100","Z300"],"ZX":["Admiral","Grand Tiger","Landmark"],"Автокам":["2160","2163","3101"],"Астро":["Ока-Астро 11301"],"Бронто":["Рысь","Фора"],"ЗАЗ":["1102 «Таврия»","1103 «Славута»","110307-40/42","110308-40","1105 «Дана»","965","966","968","Chance","Forza","Lanos","Sens","Vida"],"ЗИЛ":["114","117","4104"],"ЗиС":["110"],"ИЖ":["2125 «Комби»","2126 «Ода»","21261 «Фабула»","2717","Москвич-412"],"КамАЗ":["1111 Ока"],"Канонир":["2317"],"Комбат":["Т98"],"ЛуАЗ":["1302 Волынь","967","969"],"Москвич":["2137","2138","2140","2141","400","401","402","403","407","408","410","412","423","424","427","Князь Владимир","Святогор","Юрий Долгорукий","2136","2137","2138","2140","2141","400","401","402","403","407","408","410","411","412","423","424","426","427","Дуэт","Иван Калита","Князь Владимир","Святогор","Юрий Долгорукий"],"СеАЗ":["1111 Ока"],"СМЗ":["С-3А","С-3Д"],"ТагАЗ":["Aquila","C-30","C10","C190","Road Partner","Tager","Vega"],"Эксклюзив":["Бэтмобиль","Лимузин","Мелкосерийная","Реплика","Самоделка"],"Ё-мобиль":["Ё-Кроссовер"]}
